name,label
VisCent_ExStr_1,lh_17Networks_LH_VisCent_ExStr_1
VisCent_ExStr_2,lh_17Networks_LH_VisCent_ExStr_2
VisCent_ExStr_3,lh_17Networks_LH_VisCent_ExStr_3
VisCent_ExStr_4,lh_17Networks_LH_VisCent_ExStr_4
VisCent_ExStr_5,lh_17Networks_LH_VisCent_ExStr_5
VisCent_ExStr_6,lh_17Networks_LH_VisCent_ExStr_6
VisCent_Striate_1,lh_17Networks_LH_VisCent_Striate_1
VisCent_ExStr_7,lh_17Networks_LH_VisCent_ExStr_7
VisCent_ExStr_8,lh_17Networks_LH_VisCent_ExStr_8
VisCent_ExStr_9,lh_17Networks_LH_VisCent_ExStr_9
VisCent_ExStr_10,lh_17Networks_LH_VisCent_ExStr_10
VisCent_ExStr_11,lh_17Networks_LH_VisCent_ExStr_11
VisPeri_ExStrInf_1,lh_17Networks_LH_VisPeri_ExStrInf_1
VisPeri_ExStrInf_2,lh_17Networks_LH_VisPeri_ExStrInf_2
VisPeri_ExStrInf_3,lh_17Networks_LH_VisPeri_ExStrInf_3
VisPeri_ExStrInf_4,lh_17Networks_LH_VisPeri_ExStrInf_4
VisPeri_ExStrInf_5,lh_17Networks_LH_VisPeri_ExStrInf_5
VisPeri_StriCal_1,lh_17Networks_LH_VisPeri_StriCal_1
VisPeri_StriCal_2,lh_17Networks_LH_VisPeri_StriCal_2
VisPeri_ExStrSup_1,lh_17Networks_LH_VisPeri_ExStrSup_1
VisPeri_ExStrSup_2,lh_17Networks_LH_VisPeri_ExStrSup_2
VisPeri_ExStrSup_3,lh_17Networks_LH_VisPeri_ExStrSup_3
VisPeri_ExStrSup_4,lh_17Networks_LH_VisPeri_ExStrSup_4
VisPeri_ExStrSup_5,lh_17Networks_LH_VisPeri_ExStrSup_5
SomMotA_1,lh_17Networks_LH_SomMotA_1
SomMotA_2,lh_17Networks_LH_SomMotA_2
SomMotA_3,lh_17Networks_LH_SomMotA_3
SomMotA_4,lh_17Networks_LH_SomMotA_4
SomMotA_5,lh_17Networks_LH_SomMotA_5
SomMotA_6,lh_17Networks_LH_SomMotA_6
SomMotA_7,lh_17Networks_LH_SomMotA_7
SomMotA_8,lh_17Networks_LH_SomMotA_8
SomMotA_9,lh_17Networks_LH_SomMotA_9
SomMotA_10,lh_17Networks_LH_SomMotA_10
SomMotA_11,lh_17Networks_LH_SomMotA_11
SomMotA_12,lh_17Networks_LH_SomMotA_12
SomMotA_13,lh_17Networks_LH_SomMotA_13
SomMotA_14,lh_17Networks_LH_SomMotA_14
SomMotA_15,lh_17Networks_LH_SomMotA_15
SomMotA_16,lh_17Networks_LH_SomMotA_16
SomMotA_17,lh_17Networks_LH_SomMotA_17
SomMotA_18,lh_17Networks_LH_SomMotA_18
SomMotA_19,lh_17Networks_LH_SomMotA_19
SomMotB_Aud_1,lh_17Networks_LH_SomMotB_Aud_1
SomMotB_Aud_2,lh_17Networks_LH_SomMotB_Aud_2
SomMotB_Ins_1,lh_17Networks_LH_SomMotB_Ins_1
SomMotB_S2_1,lh_17Networks_LH_SomMotB_S2_1
SomMotB_S2_2,lh_17Networks_LH_SomMotB_S2_2
SomMotB_Aud_3,lh_17Networks_LH_SomMotB_Aud_3
SomMotB_Aud_4,lh_17Networks_LH_SomMotB_Aud_4
SomMotB_S2_3,lh_17Networks_LH_SomMotB_S2_3
SomMotB_S2_4,lh_17Networks_LH_SomMotB_S2_4
SomMotB_S2_5,lh_17Networks_LH_SomMotB_S2_5
SomMotB_S2_6,lh_17Networks_LH_SomMotB_S2_6
SomMotB_Cent_1,lh_17Networks_LH_SomMotB_Cent_1
SomMotB_Cent_2,lh_17Networks_LH_SomMotB_Cent_2
SomMotB_Cent_3,lh_17Networks_LH_SomMotB_Cent_3
SomMotB_Cent_4,lh_17Networks_LH_SomMotB_Cent_4
SomMotB_Cent_5,lh_17Networks_LH_SomMotB_Cent_5
DorsAttnA_TempOcc_1,lh_17Networks_LH_DorsAttnA_TempOcc_1
DorsAttnA_TempOcc_2,lh_17Networks_LH_DorsAttnA_TempOcc_2
DorsAttnA_TempOcc_3,lh_17Networks_LH_DorsAttnA_TempOcc_3
DorsAttnA_TempOcc_4,lh_17Networks_LH_DorsAttnA_TempOcc_4
DorsAttnA_ParOcc_1,lh_17Networks_LH_DorsAttnA_ParOcc_1
DorsAttnA_ParOcc_2,lh_17Networks_LH_DorsAttnA_ParOcc_2
DorsAttnA_SPL_1,lh_17Networks_LH_DorsAttnA_SPL_1
DorsAttnA_SPL_2,lh_17Networks_LH_DorsAttnA_SPL_2
DorsAttnA_SPL_3,lh_17Networks_LH_DorsAttnA_SPL_3
DorsAttnA_SPL_4,lh_17Networks_LH_DorsAttnA_SPL_4
DorsAttnA_SPL_5,lh_17Networks_LH_DorsAttnA_SPL_5
DorsAttnA_SPL_6,lh_17Networks_LH_DorsAttnA_SPL_6
DorsAttnA_SPL_7,lh_17Networks_LH_DorsAttnA_SPL_7
DorsAttnB_PostC_1,lh_17Networks_LH_DorsAttnB_PostC_1
DorsAttnB_PostC_2,lh_17Networks_LH_DorsAttnB_PostC_2
DorsAttnB_PostC_3,lh_17Networks_LH_DorsAttnB_PostC_3
DorsAttnB_PostC_4,lh_17Networks_LH_DorsAttnB_PostC_4
DorsAttnB_PostC_5,lh_17Networks_LH_DorsAttnB_PostC_5
DorsAttnB_PostC_6,lh_17Networks_LH_DorsAttnB_PostC_6
DorsAttnB_PostC_7,lh_17Networks_LH_DorsAttnB_PostC_7
DorsAttnB_PostC_8,lh_17Networks_LH_DorsAttnB_PostC_8
DorsAttnB_PostC_9,lh_17Networks_LH_DorsAttnB_PostC_9
DorsAttnB_FEF_1,lh_17Networks_LH_DorsAttnB_FEF_1
DorsAttnB_FEF_2,lh_17Networks_LH_DorsAttnB_FEF_2
DorsAttnB_FEF_3,lh_17Networks_LH_DorsAttnB_FEF_3
DorsAttnB_PrCv_1,lh_17Networks_LH_DorsAttnB_PrCv_1
SalVentAttnA_ParOper_1,lh_17Networks_LH_SalVentAttnA_ParOper_1
SalVentAttnA_ParOper_2,lh_17Networks_LH_SalVentAttnA_ParOper_2
SalVentAttnA_ParOper_3,lh_17Networks_LH_SalVentAttnA_ParOper_3
SalVentAttnA_Ins_1,lh_17Networks_LH_SalVentAttnA_Ins_1
SalVentAttnA_Ins_2,lh_17Networks_LH_SalVentAttnA_Ins_2
SalVentAttnA_Ins_3,lh_17Networks_LH_SalVentAttnA_Ins_3
SalVentAttnA_Ins_4,lh_17Networks_LH_SalVentAttnA_Ins_4
SalVentAttnA_FrOper_1,lh_17Networks_LH_SalVentAttnA_FrOper_1
SalVentAttnA_FrOper_2,lh_17Networks_LH_SalVentAttnA_FrOper_2
SalVentAttnA_ParMed_1,lh_17Networks_LH_SalVentAttnA_ParMed_1
SalVentAttnA_ParMed_2,lh_17Networks_LH_SalVentAttnA_ParMed_2
SalVentAttnA_ParMed_3,lh_17Networks_LH_SalVentAttnA_ParMed_3
SalVentAttnA_FrMed_1,lh_17Networks_LH_SalVentAttnA_FrMed_1
SalVentAttnA_FrMed_2,lh_17Networks_LH_SalVentAttnA_FrMed_2
SalVentAttnA_FrMed_3,lh_17Networks_LH_SalVentAttnA_FrMed_3
SalVentAttnB_PFCl_1,lh_17Networks_LH_SalVentAttnB_PFCl_1
SalVentAttnB_PFCl_2,lh_17Networks_LH_SalVentAttnB_PFCl_2
SalVentAttnB_PFCl_3,lh_17Networks_LH_SalVentAttnB_PFCl_3
SalVentAttnB_Ins_1,lh_17Networks_LH_SalVentAttnB_Ins_1
SalVentAttnB_Ins_2,lh_17Networks_LH_SalVentAttnB_Ins_2
SalVentAttnB_Ins_3,lh_17Networks_LH_SalVentAttnB_Ins_3
SalVentAttnB_OFC_1,lh_17Networks_LH_SalVentAttnB_OFC_1
SalVentAttnB_PFCmp_1,lh_17Networks_LH_SalVentAttnB_PFCmp_1
LimbicB_OFC_1,lh_17Networks_LH_LimbicB_OFC_1
LimbicB_OFC_2,lh_17Networks_LH_LimbicB_OFC_2
LimbicB_OFC_3,lh_17Networks_LH_LimbicB_OFC_3
LimbicB_OFC_4,lh_17Networks_LH_LimbicB_OFC_4
LimbicB_OFC_5,lh_17Networks_LH_LimbicB_OFC_5
LimbicA_TempPole_1,lh_17Networks_LH_LimbicA_TempPole_1
LimbicA_TempPole_2,lh_17Networks_LH_LimbicA_TempPole_2
LimbicA_TempPole_3,lh_17Networks_LH_LimbicA_TempPole_3
LimbicA_TempPole_4,lh_17Networks_LH_LimbicA_TempPole_4
LimbicA_TempPole_5,lh_17Networks_LH_LimbicA_TempPole_5
LimbicA_TempPole_6,lh_17Networks_LH_LimbicA_TempPole_6
LimbicA_TempPole_7,lh_17Networks_LH_LimbicA_TempPole_7
ContA_Temp_1,lh_17Networks_LH_ContA_Temp_1
ContA_IPS_1,lh_17Networks_LH_ContA_IPS_1
ContA_IPS_2,lh_17Networks_LH_ContA_IPS_2
ContA_IPS_3,lh_17Networks_LH_ContA_IPS_3
ContA_IPS_4,lh_17Networks_LH_ContA_IPS_4
ContA_IPS_5,lh_17Networks_LH_ContA_IPS_5
ContA_PFCd_1,lh_17Networks_LH_ContA_PFCd_1
ContA_PFClv_1,lh_17Networks_LH_ContA_PFClv_1
ContA_PFClv_2,lh_17Networks_LH_ContA_PFClv_2
ContA_PFCl_1,lh_17Networks_LH_ContA_PFCl_1
ContA_PFCl_2,lh_17Networks_LH_ContA_PFCl_2
ContA_PFCl_3,lh_17Networks_LH_ContA_PFCl_3
ContA_Cingm_1,lh_17Networks_LH_ContA_Cingm_1
ContB_Temp_1,lh_17Networks_LH_ContB_Temp_1
ContB_Temp_2,lh_17Networks_LH_ContB_Temp_2
ContB_IPL_1,lh_17Networks_LH_ContB_IPL_1
ContB_IPL_2,lh_17Networks_LH_ContB_IPL_2
ContB_IPL_3,lh_17Networks_LH_ContB_IPL_3
ContB_PFCd_1,lh_17Networks_LH_ContB_PFCd_1
ContB_PFClv_1,lh_17Networks_LH_ContB_PFClv_1
ContB_PFClv_2,lh_17Networks_LH_ContB_PFClv_2
ContB_PFClv_3,lh_17Networks_LH_ContB_PFClv_3
ContB_PFCmp_1,lh_17Networks_LH_ContB_PFCmp_1
ContC_pCun_1,lh_17Networks_LH_ContC_pCun_1
ContC_pCun_2,lh_17Networks_LH_ContC_pCun_2
ContC_pCun_3,lh_17Networks_LH_ContC_pCun_3
ContC_Cingp_1,lh_17Networks_LH_ContC_Cingp_1
ContC_Cingp_2,lh_17Networks_LH_ContC_Cingp_2
DefaultA_IPL_1,lh_17Networks_LH_DefaultA_IPL_1
DefaultA_IPL_2,lh_17Networks_LH_DefaultA_IPL_2
DefaultA_PFCd_1,lh_17Networks_LH_DefaultA_PFCd_1
DefaultA_PFCd_2,lh_17Networks_LH_DefaultA_PFCd_2
DefaultA_PFCd_3,lh_17Networks_LH_DefaultA_PFCd_3
DefaultA_pCunPCC_1,lh_17Networks_LH_DefaultA_pCunPCC_1
DefaultA_pCunPCC_2,lh_17Networks_LH_DefaultA_pCunPCC_2
DefaultA_pCunPCC_3,lh_17Networks_LH_DefaultA_pCunPCC_3
DefaultA_pCunPCC_4,lh_17Networks_LH_DefaultA_pCunPCC_4
DefaultA_pCunPCC_5,lh_17Networks_LH_DefaultA_pCunPCC_5
DefaultA_pCunPCC_6,lh_17Networks_LH_DefaultA_pCunPCC_6
DefaultA_pCunPCC_7,lh_17Networks_LH_DefaultA_pCunPCC_7
DefaultA_PFCm_1,lh_17Networks_LH_DefaultA_PFCm_1
DefaultA_PFCm_2,lh_17Networks_LH_DefaultA_PFCm_2
DefaultA_PFCm_3,lh_17Networks_LH_DefaultA_PFCm_3
DefaultA_PFCm_4,lh_17Networks_LH_DefaultA_PFCm_4
DefaultA_PFCm_5,lh_17Networks_LH_DefaultA_PFCm_5
DefaultA_PFCm_6,lh_17Networks_LH_DefaultA_PFCm_6
DefaultB_Temp_1,lh_17Networks_LH_DefaultB_Temp_1
DefaultB_Temp_2,lh_17Networks_LH_DefaultB_Temp_2
DefaultB_Temp_3,lh_17Networks_LH_DefaultB_Temp_3
DefaultB_Temp_4,lh_17Networks_LH_DefaultB_Temp_4
DefaultB_Temp_5,lh_17Networks_LH_DefaultB_Temp_5
DefaultB_Temp_6,lh_17Networks_LH_DefaultB_Temp_6
DefaultB_IPL_1,lh_17Networks_LH_DefaultB_IPL_1
DefaultB_IPL_2,lh_17Networks_LH_DefaultB_IPL_2
DefaultB_PFCd_1,lh_17Networks_LH_DefaultB_PFCd_1
DefaultB_PFCd_2,lh_17Networks_LH_DefaultB_PFCd_2
DefaultB_PFCd_3,lh_17Networks_LH_DefaultB_PFCd_3
DefaultB_PFCd_4,lh_17Networks_LH_DefaultB_PFCd_4
DefaultB_PFCd_5,lh_17Networks_LH_DefaultB_PFCd_5
DefaultB_PFCd_6,lh_17Networks_LH_DefaultB_PFCd_6
DefaultB_PFCl_1,lh_17Networks_LH_DefaultB_PFCl_1
DefaultB_PFCl_2,lh_17Networks_LH_DefaultB_PFCl_2
DefaultB_PFCv_1,lh_17Networks_LH_DefaultB_PFCv_1
DefaultB_PFCv_2,lh_17Networks_LH_DefaultB_PFCv_2
DefaultB_PFCv_3,lh_17Networks_LH_DefaultB_PFCv_3
DefaultB_PFCv_4,lh_17Networks_LH_DefaultB_PFCv_4
DefaultB_PFCv_5,lh_17Networks_LH_DefaultB_PFCv_5
DefaultC_IPL_1,lh_17Networks_LH_DefaultC_IPL_1
DefaultC_Rsp_1,lh_17Networks_LH_DefaultC_Rsp_1
DefaultC_Rsp_2,lh_17Networks_LH_DefaultC_Rsp_2
DefaultC_Rsp_3,lh_17Networks_LH_DefaultC_Rsp_3
DefaultC_PHC_1,lh_17Networks_LH_DefaultC_PHC_1
DefaultC_PHC_2,lh_17Networks_LH_DefaultC_PHC_2
DefaultC_PHC_3,lh_17Networks_LH_DefaultC_PHC_3
TempPar_1,lh_17Networks_LH_TempPar_1
TempPar_2,lh_17Networks_LH_TempPar_2
TempPar_3,lh_17Networks_LH_TempPar_3
TempPar_4,lh_17Networks_LH_TempPar_4
TempPar_5,lh_17Networks_LH_TempPar_5
TempPar_6,lh_17Networks_LH_TempPar_6
VisCent_ExStr_1,rh_17Networks_RH_VisCent_ExStr_1
VisCent_ExStr_2,rh_17Networks_RH_VisCent_ExStr_2
VisCent_ExStr_3,rh_17Networks_RH_VisCent_ExStr_3
VisCent_ExStr_4,rh_17Networks_RH_VisCent_ExStr_4
VisCent_ExStr_5,rh_17Networks_RH_VisCent_ExStr_5
VisCent_ExStr_6,rh_17Networks_RH_VisCent_ExStr_6
VisCent_Striate_1,rh_17Networks_RH_VisCent_Striate_1
VisCent_ExStr_7,rh_17Networks_RH_VisCent_ExStr_7
VisCent_ExStr_8,rh_17Networks_RH_VisCent_ExStr_8
VisCent_ExStr_9,rh_17Networks_RH_VisCent_ExStr_9
VisCent_ExStr_10,rh_17Networks_RH_VisCent_ExStr_10
VisCent_ExStr_11,rh_17Networks_RH_VisCent_ExStr_11
VisPeri_ExStrInf_1,rh_17Networks_RH_VisPeri_ExStrInf_1
VisPeri_ExStrInf_2,rh_17Networks_RH_VisPeri_ExStrInf_2
VisPeri_ExStrInf_3,rh_17Networks_RH_VisPeri_ExStrInf_3
VisPeri_ExStrInf_4,rh_17Networks_RH_VisPeri_ExStrInf_4
VisPeri_ExStrInf_5,rh_17Networks_RH_VisPeri_ExStrInf_5
VisPeri_StriCal_1,rh_17Networks_RH_VisPeri_StriCal_1
VisPeri_StriCal_2,rh_17Networks_RH_VisPeri_StriCal_2
VisPeri_ExStrSup_1,rh_17Networks_RH_VisPeri_ExStrSup_1
VisPeri_ExStrSup_2,rh_17Networks_RH_VisPeri_ExStrSup_2
VisPeri_ExStrSup_3,rh_17Networks_RH_VisPeri_ExStrSup_3
VisPeri_ExStrSup_4,rh_17Networks_RH_VisPeri_ExStrSup_4
SomMotA_1,rh_17Networks_RH_SomMotA_1
SomMotA_2,rh_17Networks_RH_SomMotA_2
SomMotA_3,rh_17Networks_RH_SomMotA_3
SomMotA_4,rh_17Networks_RH_SomMotA_4
SomMotA_5,rh_17Networks_RH_SomMotA_5
SomMotA_6,rh_17Networks_RH_SomMotA_6
SomMotA_7,rh_17Networks_RH_SomMotA_7
SomMotA_8,rh_17Networks_RH_SomMotA_8
SomMotA_9,rh_17Networks_RH_SomMotA_9
SomMotA_10,rh_17Networks_RH_SomMotA_10
SomMotA_11,rh_17Networks_RH_SomMotA_11
SomMotA_12,rh_17Networks_RH_SomMotA_12
SomMotA_13,rh_17Networks_RH_SomMotA_13
SomMotA_14,rh_17Networks_RH_SomMotA_14
SomMotA_15,rh_17Networks_RH_SomMotA_15
SomMotA_16,rh_17Networks_RH_SomMotA_16
SomMotA_17,rh_17Networks_RH_SomMotA_17
SomMotA_18,rh_17Networks_RH_SomMotA_18
SomMotA_19,rh_17Networks_RH_SomMotA_19
SomMotA_20,rh_17Networks_RH_SomMotA_20
SomMotB_Aud_1,rh_17Networks_RH_SomMotB_Aud_1
SomMotB_Aud_2,rh_17Networks_RH_SomMotB_Aud_2
SomMotB_Ins_1,rh_17Networks_RH_SomMotB_Ins_1
SomMotB_S2_1,rh_17Networks_RH_SomMotB_S2_1
SomMotB_S2_2,rh_17Networks_RH_SomMotB_S2_2
SomMotB_Aud_3,rh_17Networks_RH_SomMotB_Aud_3
SomMotB_S2_3,rh_17Networks_RH_SomMotB_S2_3
SomMotB_S2_4,rh_17Networks_RH_SomMotB_S2_4
SomMotB_S2_5,rh_17Networks_RH_SomMotB_S2_5
SomMotB_S2_6,rh_17Networks_RH_SomMotB_S2_6
SomMotB_S2_7,rh_17Networks_RH_SomMotB_S2_7
SomMotB_S2_8,rh_17Networks_RH_SomMotB_S2_8
SomMotB_Cent_1,rh_17Networks_RH_SomMotB_Cent_1
SomMotB_Cent_2,rh_17Networks_RH_SomMotB_Cent_2
SomMotB_Cent_3,rh_17Networks_RH_SomMotB_Cent_3
DorsAttnA_TempOcc_1,rh_17Networks_RH_DorsAttnA_TempOcc_1
DorsAttnA_TempOcc_2,rh_17Networks_RH_DorsAttnA_TempOcc_2
DorsAttnA_TempOcc_3,rh_17Networks_RH_DorsAttnA_TempOcc_3
DorsAttnA_ParOcc_1,rh_17Networks_RH_DorsAttnA_ParOcc_1
DorsAttnA_ParOcc_2,rh_17Networks_RH_DorsAttnA_ParOcc_2
DorsAttnA_ParOcc_3,rh_17Networks_RH_DorsAttnA_ParOcc_3
DorsAttnA_SPL_1,rh_17Networks_RH_DorsAttnA_SPL_1
DorsAttnA_SPL_2,rh_17Networks_RH_DorsAttnA_SPL_2
DorsAttnA_SPL_3,rh_17Networks_RH_DorsAttnA_SPL_3
DorsAttnA_SPL_4,rh_17Networks_RH_DorsAttnA_SPL_4
DorsAttnA_SPL_5,rh_17Networks_RH_DorsAttnA_SPL_5
DorsAttnA_SPL_6,rh_17Networks_RH_DorsAttnA_SPL_6
DorsAttnA_SPL_7,rh_17Networks_RH_DorsAttnA_SPL_7
DorsAttnA_SPL_8,rh_17Networks_RH_DorsAttnA_SPL_8
DorsAttnB_TempOcc_1,rh_17Networks_RH_DorsAttnB_TempOcc_1
DorsAttnB_PostC_1,rh_17Networks_RH_DorsAttnB_PostC_1
DorsAttnB_PostC_2,rh_17Networks_RH_DorsAttnB_PostC_2
DorsAttnB_PostC_3,rh_17Networks_RH_DorsAttnB_PostC_3
DorsAttnB_PostC_4,rh_17Networks_RH_DorsAttnB_PostC_4
DorsAttnB_PostC_5,rh_17Networks_RH_DorsAttnB_PostC_5
DorsAttnB_PostC_6,rh_17Networks_RH_DorsAttnB_PostC_6
DorsAttnB_PostC_7,rh_17Networks_RH_DorsAttnB_PostC_7
DorsAttnB_PostC_8,rh_17Networks_RH_DorsAttnB_PostC_8
DorsAttnB_FEF_1,rh_17Networks_RH_DorsAttnB_FEF_1
DorsAttnB_FEF_2,rh_17Networks_RH_DorsAttnB_FEF_2
DorsAttnB_FEF_3,rh_17Networks_RH_DorsAttnB_FEF_3
SalVentAttnA_ParOper_1,rh_17Networks_RH_SalVentAttnA_ParOper_1
SalVentAttnA_ParOper_2,rh_17Networks_RH_SalVentAttnA_ParOper_2
SalVentAttnA_ParOper_3,rh_17Networks_RH_SalVentAttnA_ParOper_3
SalVentAttnA_PrC_1,rh_17Networks_RH_SalVentAttnA_PrC_1
SalVentAttnA_Ins_1,rh_17Networks_RH_SalVentAttnA_Ins_1
SalVentAttnA_Ins_2,rh_17Networks_RH_SalVentAttnA_Ins_2
SalVentAttnA_Ins_3,rh_17Networks_RH_SalVentAttnA_Ins_3
SalVentAttnA_Ins_4,rh_17Networks_RH_SalVentAttnA_Ins_4
SalVentAttnA_FrOper_1,rh_17Networks_RH_SalVentAttnA_FrOper_1
SalVentAttnA_FrOper_2,rh_17Networks_RH_SalVentAttnA_FrOper_2
SalVentAttnA_FrOper_3,rh_17Networks_RH_SalVentAttnA_FrOper_3
SalVentAttnA_FrMed_1,rh_17Networks_RH_SalVentAttnA_FrMed_1
SalVentAttnA_ParMed_1,rh_17Networks_RH_SalVentAttnA_ParMed_1
SalVentAttnA_ParMed_2,rh_17Networks_RH_SalVentAttnA_ParMed_2
SalVentAttnA_FrMed_2,rh_17Networks_RH_SalVentAttnA_FrMed_2
SalVentAttnA_ParMed_3,rh_17Networks_RH_SalVentAttnA_ParMed_3
SalVentAttnA_ParMed_4,rh_17Networks_RH_SalVentAttnA_ParMed_4
SalVentAttnA_FrMed_3,rh_17Networks_RH_SalVentAttnA_FrMed_3
SalVentAttnA_FrMed_4,rh_17Networks_RH_SalVentAttnA_FrMed_4
SalVentAttnB_IPL_1,rh_17Networks_RH_SalVentAttnB_IPL_1
SalVentAttnB_PFClv_1,rh_17Networks_RH_SalVentAttnB_PFClv_1
SalVentAttnB_PFCl_1,rh_17Networks_RH_SalVentAttnB_PFCl_1
SalVentAttnB_PFCl_2,rh_17Networks_RH_SalVentAttnB_PFCl_2
SalVentAttnB_PFCl_3,rh_17Networks_RH_SalVentAttnB_PFCl_3
SalVentAttnB_Ins_1,rh_17Networks_RH_SalVentAttnB_Ins_1
SalVentAttnB_Ins_2,rh_17Networks_RH_SalVentAttnB_Ins_2
SalVentAttnB_PFCmp_1,rh_17Networks_RH_SalVentAttnB_PFCmp_1
SalVentAttnB_PFCmp_2,rh_17Networks_RH_SalVentAttnB_PFCmp_2
LimbicB_OFC_1,rh_17Networks_RH_LimbicB_OFC_1
LimbicB_OFC_2,rh_17Networks_RH_LimbicB_OFC_2
LimbicB_OFC_3,rh_17Networks_RH_LimbicB_OFC_3
LimbicB_OFC_4,rh_17Networks_RH_LimbicB_OFC_4
LimbicB_OFC_5,rh_17Networks_RH_LimbicB_OFC_5
LimbicB_OFC_6,rh_17Networks_RH_LimbicB_OFC_6
LimbicA_TempPole_1,rh_17Networks_RH_LimbicA_TempPole_1
LimbicA_TempPole_2,rh_17Networks_RH_LimbicA_TempPole_2
LimbicA_TempPole_3,rh_17Networks_RH_LimbicA_TempPole_3
LimbicA_TempPole_4,rh_17Networks_RH_LimbicA_TempPole_4
LimbicA_TempPole_5,rh_17Networks_RH_LimbicA_TempPole_5
LimbicA_TempPole_6,rh_17Networks_RH_LimbicA_TempPole_6
ContA_IPS_1,rh_17Networks_RH_ContA_IPS_1
ContA_IPS_2,rh_17Networks_RH_ContA_IPS_2
ContA_IPS_3,rh_17Networks_RH_ContA_IPS_3
ContA_IPS_4,rh_17Networks_RH_ContA_IPS_4
ContA_PFCd_1,rh_17Networks_RH_ContA_PFCd_1
ContA_PFCl_1,rh_17Networks_RH_ContA_PFCl_1
ContA_PFCl_2,rh_17Networks_RH_ContA_PFCl_2
ContA_PFCl_3,rh_17Networks_RH_ContA_PFCl_3
ContA_PFCl_4,rh_17Networks_RH_ContA_PFCl_4
ContA_PFCl_5,rh_17Networks_RH_ContA_PFCl_5
ContA_Cingm_1,rh_17Networks_RH_ContA_Cingm_1
ContB_Temp_1,rh_17Networks_RH_ContB_Temp_1
ContB_Temp_2,rh_17Networks_RH_ContB_Temp_2
ContB_IPL_1,rh_17Networks_RH_ContB_IPL_1
ContB_IPL_2,rh_17Networks_RH_ContB_IPL_2
ContB_IPL_3,rh_17Networks_RH_ContB_IPL_3
ContB_IPL_4,rh_17Networks_RH_ContB_IPL_4
ContB_PFCld_1,rh_17Networks_RH_ContB_PFCld_1
ContB_PFCld_2,rh_17Networks_RH_ContB_PFCld_2
ContB_PFCld_3,rh_17Networks_RH_ContB_PFCld_3
ContB_PFCld_4,rh_17Networks_RH_ContB_PFCld_4
ContB_PFClv_1,rh_17Networks_RH_ContB_PFClv_1
ContB_PFClv_2,rh_17Networks_RH_ContB_PFClv_2
ContB_PFClv_3,rh_17Networks_RH_ContB_PFClv_3
ContB_PFClv_4,rh_17Networks_RH_ContB_PFClv_4
ContB_PFCmp_1,rh_17Networks_RH_ContB_PFCmp_1
ContC_pCun_1,rh_17Networks_RH_ContC_pCun_1
ContC_pCun_2,rh_17Networks_RH_ContC_pCun_2
ContC_pCun_3,rh_17Networks_RH_ContC_pCun_3
ContC_pCun_4,rh_17Networks_RH_ContC_pCun_4
ContC_pCun_5,rh_17Networks_RH_ContC_pCun_5
ContC_Cingp_1,rh_17Networks_RH_ContC_Cingp_1
ContC_Cingp_2,rh_17Networks_RH_ContC_Cingp_2
DefaultA_Temp_1,rh_17Networks_RH_DefaultA_Temp_1
DefaultA_IPL_1,rh_17Networks_RH_DefaultA_IPL_1
DefaultA_IPL_2,rh_17Networks_RH_DefaultA_IPL_2
DefaultA_PFCd_1,rh_17Networks_RH_DefaultA_PFCd_1
DefaultA_PFCd_2,rh_17Networks_RH_DefaultA_PFCd_2
DefaultA_pCunPCC_1,rh_17Networks_RH_DefaultA_pCunPCC_1
DefaultA_pCunPCC_2,rh_17Networks_RH_DefaultA_pCunPCC_2
DefaultA_pCunPCC_3,rh_17Networks_RH_DefaultA_pCunPCC_3
DefaultA_pCunPCC_4,rh_17Networks_RH_DefaultA_pCunPCC_4
DefaultA_pCunPCC_5,rh_17Networks_RH_DefaultA_pCunPCC_5
DefaultA_PFCm_1,rh_17Networks_RH_DefaultA_PFCm_1
DefaultA_PFCm_2,rh_17Networks_RH_DefaultA_PFCm_2
DefaultA_PFCm_3,rh_17Networks_RH_DefaultA_PFCm_3
DefaultA_PFCm_4,rh_17Networks_RH_DefaultA_PFCm_4
DefaultA_PFCm_5,rh_17Networks_RH_DefaultA_PFCm_5
DefaultA_PFCm_6,rh_17Networks_RH_DefaultA_PFCm_6
DefaultB_Temp_1,rh_17Networks_RH_DefaultB_Temp_1
DefaultB_Temp_2,rh_17Networks_RH_DefaultB_Temp_2
DefaultB_AntTemp_1,rh_17Networks_RH_DefaultB_AntTemp_1
DefaultB_PFCd_1,rh_17Networks_RH_DefaultB_PFCd_1
DefaultB_PFCd_2,rh_17Networks_RH_DefaultB_PFCd_2
DefaultB_PFCd_3,rh_17Networks_RH_DefaultB_PFCd_3
DefaultB_PFCd_4,rh_17Networks_RH_DefaultB_PFCd_4
DefaultB_PFCd_5,rh_17Networks_RH_DefaultB_PFCd_5
DefaultB_PFCv_1,rh_17Networks_RH_DefaultB_PFCv_1
DefaultB_PFCv_2,rh_17Networks_RH_DefaultB_PFCv_2
DefaultB_PFCv_3,rh_17Networks_RH_DefaultB_PFCv_3
DefaultC_IPL_1,rh_17Networks_RH_DefaultC_IPL_1
DefaultC_IPL_2,rh_17Networks_RH_DefaultC_IPL_2
DefaultC_Rsp_1,rh_17Networks_RH_DefaultC_Rsp_1
DefaultC_Rsp_2,rh_17Networks_RH_DefaultC_Rsp_2
DefaultC_PHC_1,rh_17Networks_RH_DefaultC_PHC_1
DefaultC_PHC_2,rh_17Networks_RH_DefaultC_PHC_2
TempPar_1,rh_17Networks_RH_TempPar_1
TempPar_2,rh_17Networks_RH_TempPar_2
TempPar_3,rh_17Networks_RH_TempPar_3
TempPar_4,rh_17Networks_RH_TempPar_4
TempPar_5,rh_17Networks_RH_TempPar_5
TempPar_6,rh_17Networks_RH_TempPar_6
TempPar_7,rh_17Networks_RH_TempPar_7
TempPar_8,rh_17Networks_RH_TempPar_8
TempPar_9,rh_17Networks_RH_TempPar_9
TempPar_10,rh_17Networks_RH_TempPar_10
